alpha,sigma,market,margin,bcost,entry,exit,merger,profits,surplus,welfare,mpoly,mpolyA,mpolyB
0.1,1.0,20,0.3972,0.0,1.316,0.0,0.0,1.456,1.576,3.033,0.0,0.0,0.0
0.1,1.0,21,0.3743,0.0,1.197,0.7026,1.0,1.142,1.647,2.79,0.0,0.0,0.0
0.1,1.0,30,0.4702,0.0,0.6733,0.0,0.0,1.5,1.67,3.17,0.0,0.0,0.0
0.1,1.0,31,0.4243,0.0,0.6216,1.62,1.0,1.162,1.754,2.916,0.0,0.0,0.0
0.1,1.0,40,0.4702,0.0,0.0,0.0,0.0,1.549,1.753,3.303,0.0,0.0,0.0
0.1,1.0,41,0.3818,0.0,0.0,2.5,1.0,1.207,1.843,3.049,0.0,0.0,0.0
0.1,1.0,43,0.4033,0.0,0.0,0.0,1.0,1.137,2.154,3.291,0.0,0.0,0.0
0.1,2.0,20,0.2683,0.3982,1.067,0.0,0.0,1.1,1.264,2.363,0.0,0.0,0.0
0.1,2.0,21,0.3992,0.0006194,0.786,0.4287,1.0,0.9487,1.3,2.248,0.0,0.0,0.0
0.1,2.0,30,0.2087,0.2876,0.5557,0.0,0.0,1.11,1.374,2.484,0.0,0.0,0.0
0.1,2.0,31,0.2761,0.004128,0.4421,1.497,1.0,0.8877,1.466,2.354,0.0,0.0,0.0
0.1,2.0,40,0.2087,0.2876,0.0,0.0,0.0,1.137,1.464,2.6,0.0,0.0,0.0
0.1,2.0,41,0.1937,0.2678,0.0,2.5,1.0,0.886,1.583,2.469,0.0,0.0,0.0
0.1,2.0,43,0.2139,0.2323,0.0,0.0,1.0,0.7944,1.897,2.691,0.0,0.0,0.0
0.1,3.0,20,0.2646,0.3386,0.9336,0.0,0.0,0.985,1.223,2.207,0.0,0.0,0.0
0.1,3.0,21,0.47,0.003035,0.5503,0.2893,1.0,0.931,1.188,2.12,0.0,0.0,0.0
0.1,3.0,30,0.08295,0.2474,0.4983,0.0,0.0,0.9526,1.367,2.32,0.0,0.0,0.0
0.1,3.0,31,0.2426,0.2308,0.3503,1.44,1.0,0.7637,1.454,2.219,0.0,0.0,0.0
0.1,3.0,40,0.08295,0.2474,0.0,0.0,0.0,0.9517,1.476,2.428,0.0,0.0,0.0
0.1,3.0,41,0.10205,0.2413,0.0,2.5,1.0,0.706,1.615,2.322,0.0,0.0,0.0
0.1,3.0,43,0.0833,0.2225,0.0,0.0,1.0,0.5376,1.941,2.479,0.0,0.0,0.0
0.1,4.0,20,0.2952,0.3647,0.7993,0.003782,0.03763,0.9185,1.214,2.133,0.0,0.0,0.0
0.1,4.0,21,0.5356,0.001297,0.3792,0.195,1.0,0.9795,1.085,2.064,0.0,0.0,0.0
0.1,4.0,30,-0.015076,0.5654,0.4463,0.0,0.0,0.8267,1.417,2.244,0.0,0.0,0.0
0.1,4.0,31,0.2637,0.2261,0.2776,1.397,1.0,0.693,1.468,2.16,0.0,0.0,0.0
0.1,4.0,40,-0.015076,0.5654,0.0,0.0,0.0,0.7925,1.553,2.346,0.0,0.0,0.0
0.1,4.0,41,0.04407,0.3054,0.0,2.5,1.0,0.5557,1.694,2.25,0.0,0.0,0.0
0.1,4.0,43,0.00456,0.4314,0.0,0.0,1.0,0.3782,1.987,2.365,0.0,0.0,0.0
0.1,5.0,20,0.0853,0.0202,0.4949,0.06058,0.4592,0.994,0.677,1.671,0.459,0.745,0.4644
0.1,5.0,21,0.604,0.002028,0.1159,0.06305,1.0,1.338,0.6367,1.975,0.4626,0.751,0.4678
0.1,5.0,30,0.010056,0.11444,0.3345,0.4072,0.454,0.898,0.781,1.679,0.4453,0.723,0.4504
0.1,5.0,31,0.11365,0.508,0.1051,1.572,1.0,1.027,0.987,2.014,0.427,0.693,0.432
0.1,5.0,40,0.00858,0.0372,0.001551,0.852,0.2651,0.791,0.887,1.679,0.4604,0.7476,0.4658
0.1,5.0,41,-1.009,0.605,0.01665,2.838,1.0,0.304,1.752,2.057,0.3828,0.6216,0.3872
0.1,5.0,43,-2.252,0.427,0.0693,1.254,1.0,0.03043,1.9795,2.01,0.456,0.74,0.4612
0.1,6.0,20,0.1404,0.02603,0.589,0.1515,0.7163,1.242,0.537,1.78,0.866,0.9883,0.872
0.1,6.0,21,0.642,0.0003674,0.0845,0.0487,1.0,1.478,0.503,1.981,0.8667,0.9893,0.8726
0.1,6.0,30,0.2163,0.02791,0.278,0.876,0.94,1.306,0.5625,1.868,0.8647,0.987,0.8706
0.1,6.0,31,0.6064,0.00539,0.0731,1.5625,1.0,1.451,0.5425,1.993,0.865,0.9873,0.871
0.1,6.0,40,-0.1274,0.2004,0.01799,2.104,1.0,1.046,0.9155,1.961,0.861,0.983,0.867
0.1,6.0,41,-0.2883,0.2366,0.01811,2.953,1.0,0.9536,1.06,2.014,0.8584,0.9795,0.8643
0.1,6.0,43,-2.545,0.419,0.0511,1.301,1.0,0.0204,1.989,2.01,0.859,0.9805,0.8647
0.1,7.0,20,0.1539,0.02551,0.6006,0.1642,0.7427,1.318,0.4778,1.797,0.9243,0.989,0.932
0.1,7.0,21,0.6694,0.0002061,0.0664,0.03897,1.0,1.551,0.4407,1.991,0.925,0.9893,0.9326
0.1,7.0,30,0.2297,0.0241,0.2751,0.8984,0.951,1.374,0.5083,1.883,0.9233,0.988,0.931
0.1,7.0,31,0.6133,0.0006075,0.05557,1.553,1.0,1.512,0.4907,2.002,0.924,0.9883,0.9316
0.1,7.0,40,-0.1276,0.1864,0.01758,2.115,1.0,1.126,0.839,1.965,0.9204,0.9844,0.928
0.1,7.0,41,-0.337,0.226,0.01758,2.992,1.0,1.014,1.002,2.016,0.918,0.982,0.9253
0.1,7.0,43,-2.691,0.4158,0.0403,1.328,1.0,0.01616,2.0,2.016,0.919,0.983,0.9263
0.1,8.0,20,0.1648,0.02594,0.6025,0.1705,0.7583,1.374,0.4346,1.809,0.9536,0.9946,0.9585
0.1,8.0,21,0.692,0.0001284,0.05,0.02948,1.0,1.604,0.3962,2.0,0.9536,0.9946,0.9585
0.1,8.0,30,0.2496,0.0324,0.2676,0.911,0.96,1.435,0.4597,1.894,0.9536,0.994,0.9585
0.1,8.0,31,0.6455,0.00542,0.04315,1.548,1.0,1.574,0.4358,2.01,0.953,0.994,0.9585
0.1,8.0,40,-0.1715,0.2517,0.01479,2.107,1.0,1.167,0.801,1.968,0.953,0.994,0.9585
0.1,8.0,41,-0.4578,0.352,0.01476,3.014,1.0,1.024,0.994,2.018,0.953,0.994,0.9585
0.1,8.0,43,-2.809,0.3367,0.02948,1.301,1.0,0.01694,2.004,2.02,0.9536,0.994,0.9585
0.1,9.0,20,0.1743,0.02563,0.608,0.176,0.7705,1.417,0.402,1.819,0.9673,0.996,0.971
0.1,9.0,21,0.71,8.43e-5,0.03906,0.02307,1.0,1.6455,0.3625,2.008,0.9673,0.996,0.971
0.1,9.0,30,0.2695,0.03058,0.2654,0.92,0.9653,1.48,0.423,1.903,0.9673,0.996,0.971
0.1,9.0,31,0.669,0.004505,0.03397,1.544,1.0,1.619,0.3972,2.016,0.9673,0.996,0.971
0.1,9.0,40,-0.156,0.2426,0.012314,2.1,1.0,1.212,0.7593,1.972,0.9673,0.9956,0.971
0.1,9.0,41,-0.471,0.3467,0.012276,3.025,1.0,1.059,0.9644,2.023,0.9673,0.9956,0.971
0.1,9.0,43,-2.887,0.3352,0.0232,1.32,1.0,0.014694,2.012,2.025,0.9673,0.996,0.971
0.2,1.0,20,0.3887,0.0,1.334,0.0,0.0,1.492,1.649,3.143,0.0,0.0,0.0
0.2,1.0,21,0.3716,0.0,1.199,0.704,1.0,1.174,1.725,2.898,0.0,0.0,0.0
0.2,1.0,30,0.442,0.0,0.6733,0.0,0.0,1.534,1.748,3.281,0.0,0.0,0.0
0.2,1.0,31,0.4014,0.0,0.6113,1.612,1.0,1.188,1.838,3.027,0.0,0.0,0.0
0.2,1.0,40,0.442,0.0,0.0,0.0,0.0,1.583,1.831,3.414,0.0,0.0,0.0
0.2,1.0,41,0.3586,0.0,0.0,2.5,1.0,1.231,1.929,3.16,0.0,0.0,0.0
0.2,1.0,43,0.3792,0.0,0.0,0.0,1.0,1.165,2.258,3.424,0.0,0.0,0.0
0.2,2.0,20,0.2598,0.3787,1.083,0.0,0.0,1.137,1.357,2.494,0.0,0.0,0.0
0.2,2.0,21,0.406,0.007996,0.7725,0.4197,1.0,0.989,1.388,2.377,0.0,0.0,0.0
0.2,2.0,30,0.1508,0.274,0.5557,0.0,0.0,1.135,1.483,2.617,0.0,0.0,0.0
0.2,2.0,31,0.238,0.2462,0.4282,1.488,1.0,0.902,1.584,2.486,0.0,0.0,0.0
0.2,2.0,40,0.1508,0.274,0.0,0.0,0.0,1.161,1.573,2.734,0.0,0.0,0.0
0.2,2.0,41,0.1495,0.259,0.0,2.5,1.0,0.895,1.704,2.6,0.0,0.0,0.0
0.2,2.0,43,0.162,0.2295,0.0,0.0,1.0,0.78,2.047,2.826,0.0,0.0,0.0
0.2,3.0,20,0.2659,0.3628,0.93,0.001143,0.008255,1.014,1.325,2.34,0.0,0.0,0.0
0.2,3.0,21,0.4893,0.002625,0.516,0.27,1.0,0.988,1.262,2.25,0.0,0.0,0.0
0.2,3.0,30,-0.00588,0.4631,0.4983,0.0,0.0,0.952,1.505,2.457,0.0,0.0,0.0
0.2,3.0,31,0.2107,0.2312,0.3354,1.432,1.0,0.7637,1.591,2.355,0.0,0.0,0.0
0.2,3.0,40,-0.00588,0.4631,0.0,0.0,0.0,0.951,1.612,2.564,0.0,0.0,0.0
0.2,3.0,41,0.0476,0.3105,0.0,2.5,1.0,0.6904,1.764,2.453,0.0,0.0,0.0
0.2,3.0,43,0.02228,0.4326,0.0,0.0,1.0,0.504,2.105,2.61,0.0,0.0,0.0
0.2,4.0,20,0.3115,0.3745,0.772,0.005714,0.0597,0.956,1.304,2.26,0.0,0.0,0.0
0.2,4.0,21,0.563,0.00308,0.3362,0.1719,1.0,1.072,1.123,2.195,0.0,0.0,0.0
0.2,4.0,30,-0.1315,0.6357,0.4448,0.00959,0.011215,0.8022,1.574,2.377,0.0,0.0,0.0
0.2,4.0,31,0.259,0.257,0.2544,1.386,1.0,0.7046,1.597,2.3,0.0,0.0,0.0
0.2,4.0,40,-0.1242,0.6245,0.0,0.0,0.0,0.771,1.708,2.479,0.0,0.0,0.0
0.2,4.0,41,-0.1382,0.449,0.004982,2.46,1.0,0.4724,1.903,2.375,0.0,0.0,0.0
0.2,4.0,43,-1.561,0.4744,0.1802,1.12,1.0,0.0952,2.148,2.242,0.0,0.0,0.0
0.2,5.0,20,0.1312,0.02696,0.5674,0.1394,0.7144,1.252,0.637,1.889,0.7656,0.9897,0.77
0.2,5.0,21,0.635,0.0005727,0.09955,0.05576,1.0,1.515,0.5996,2.115,0.766,0.99,0.7705
0.2,5.0,30,0.1428,0.03717,0.2637,0.8457,0.9316,1.294,0.6943,1.988,0.7637,0.9873,0.768
0.2,5.0,31,0.5503,0.01697,0.0895,1.571,1.0,1.463,0.6733,2.137,0.763,0.987,0.7676
0.2,5.0,40,-0.5254,0.2925,0.01473,1.981,0.9995,0.8784,1.208,2.086,0.7637,0.987,0.7676
0.2,5.0,41,-0.8394,0.3745,0.01614,2.906,1.0,0.717,1.439,2.156,0.7627,0.986,0.7666
0.2,5.0,43,-2.643,0.345,0.0566,1.189,1.0,0.03195,2.117,2.148,0.7656,0.9897,0.77
0.2,6.0,20,0.1547,0.02892,0.6177,0.1741,0.7656,1.377,0.537,1.915,0.901,0.9897,0.9097
0.2,6.0,21,0.6714,0.0002823,0.07745,0.04517,1.0,1.623,0.5034,2.127,0.9014,0.99,0.9097
0.2,6.0,30,0.222,0.03674,0.2803,0.921,0.9604,1.437,0.572,2.008,0.901,0.9897,0.909
0.2,6.0,31,0.6187,0.007328,0.0662,1.559,1.0,1.588,0.552,2.139,0.901,0.9897,0.909
0.2,6.0,40,-0.2391,0.2754,0.01894,2.12,1.0,1.1455,0.951,2.096,0.901,0.9893,0.909
0.2,6.0,41,-0.476,0.3657,0.0189,2.975,1.0,1.021,1.132,2.154,0.9004,0.9893,0.9087
0.2,6.0,43,-2.857,0.341,0.04474,1.241,1.0,0.02402,2.13,2.154,0.901,0.9897,0.909
0.2,7.0,20,0.17,0.02838,0.629,0.1862,0.788,1.452,0.4795,1.932,0.9434,0.993,0.9497
0.2,7.0,21,0.6997,0.0001601,0.05716,0.0337,1.0,1.693,0.4446,2.139,0.9434,0.993,0.9497
0.2,7.0,30,0.2532,0.03284,0.2778,0.94,0.97,1.516,0.509,2.025,0.9434,0.993,0.9497
0.2,7.0,31,0.649,0.0047,0.04904,1.551,1.0,1.661,0.488,2.148,0.9434,0.993,0.949
0.2,7.0,40,-0.1987,0.2568,0.0163,2.115,1.0,1.237,0.864,2.102,0.9434,0.993,0.9497
0.2,7.0,41,-0.473,0.3525,0.0163,3.01,1.0,1.099,1.06,2.158,0.9434,0.993,0.949
0.2,7.0,43,-2.98,0.3467,0.03128,1.213,1.0,0.02397,2.139,2.164,0.9434,0.993,0.9497
0.2,8.0,20,0.1825,0.0279,0.6353,0.1931,0.8027,1.507,0.4382,1.945,0.9624,0.995,0.9673
0.2,8.0,21,0.7227,9.9e-5,0.04324,0.02556,1.0,1.745,0.4019,2.146,0.9624,0.995,0.9673
0.2,8.0,30,0.2793,0.03044,0.2747,0.949,0.976,1.574,0.4624,2.037,0.9624,0.995,0.9673
0.2,8.0,31,0.678,0.003784,0.03738,1.545,1.0,1.718,0.4395,2.156,0.9624,0.995,0.9673
0.2,8.0,40,-0.1768,0.2451,0.013374,2.105,1.0,1.297,0.8096,2.105,0.9624,0.995,0.9673
0.2,8.0,41,-0.4863,0.3462,0.01338,3.025,1.0,1.145,1.02,2.164,0.9624,0.995,0.9673
0.2,8.0,43,-3.082,0.342,0.02437,1.259,1.0,0.01979,2.148,2.168,0.9624,0.995,0.9673
0.2,9.0,20,0.1926,0.02753,0.639,0.1981,0.813,1.55,0.4062,1.956,0.973,0.9966,0.9766
0.2,9.0,21,0.741,6.527e-5,0.03372,0.01991,1.0,1.786,0.3684,2.154,0.973,0.9966,0.9766
0.2,9.0,30,0.2998,0.02869,0.2717,0.9556,0.9795,1.62,0.4265,2.047,0.973,0.9966,0.9766
0.2,9.0,31,0.7017,0.003141,0.02933,1.541,1.0,1.762,0.4014,2.164,0.973,0.9966,0.9766
0.2,9.0,40,-0.1642,0.2372,0.01097,2.096,1.0,1.34,0.7715,2.111,0.973,0.9966,0.9766
0.2,9.0,41,-0.5034,0.3418,0.01097,3.033,1.0,1.175,0.994,2.17,0.973,0.9966,0.9766
0.2,9.0,43,-3.162,0.3389,0.01936,1.291,1.0,0.0168,2.156,2.174,0.973,0.9966,0.9766
0.3,1.0,20,0.375,0.0,1.353,0.0,0.0,1.534,1.737,3.271,0.0,0.0,0.0
0.3,1.0,21,0.3667,0.0,1.201,0.705,1.0,1.211,1.816,3.027,0.0,0.0,0.0
0.3,1.0,30,0.4028,0.0,0.6733,0.0,0.0,1.571,1.843,3.414,0.0,0.0,0.0
0.3,1.0,31,0.3706,0.0,0.6,1.604,1.0,1.219,1.94,3.158,0.0,0.0,0.0
0.3,1.0,40,0.4028,0.0,0.0,0.0,0.0,1.62,1.926,3.547,0.0,0.0,0.0
0.3,1.0,41,0.3271,0.0,0.0,2.5,1.0,1.259,2.033,3.291,0.0,0.0,0.0
0.3,1.0,43,0.3477,0.0,0.0,0.0,1.0,1.193,2.383,3.576,0.0,0.0,0.0
0.3,2.0,20,0.2468,0.3594,1.096,0.0,0.0,1.173,1.473,2.646,0.0,0.0,0.0
0.3,2.0,21,0.4143,0.00709,0.753,0.4075,1.0,1.033,1.491,2.523,0.0,0.0,0.0
0.3,2.0,30,0.0701,0.2607,0.5557,0.0,0.0,1.154,1.619,2.773,0.0,0.0,0.0
0.3,2.0,31,0.1893,0.2402,0.4143,1.4795,1.0,0.911,1.728,2.639,0.0,0.0,0.0
0.3,2.0,40,0.0701,0.2607,0.0,0.0,0.0,1.181,1.709,2.889,0.0,0.0,0.0
0.3,2.0,41,0.0913,0.2505,0.0,2.5,1.0,0.8975,1.854,2.75,0.0,0.0,0.0
0.3,2.0,43,0.09845,0.2272,0.0,0.0,1.0,0.7554,2.223,2.979,0.0,0.0,0.0
0.3,3.0,20,0.2705,0.381,0.914,0.003075,0.02371,1.044,1.443,2.486,0.0,0.0,0.0
0.3,3.0,21,0.514,0.006233,0.4722,0.2454,1.0,1.0625,1.336,2.398,0.0,0.0,0.0
0.3,3.0,30,-0.1227,0.569,0.4983,0.0,0.0,0.9385,1.673,2.611,0.0,0.0,0.0
0.3,3.0,31,0.182,0.279,0.318,1.421,1.0,0.7617,1.751,2.512,0.0,0.0,0.0
0.3,3.0,40,-0.1227,0.569,0.0,0.0,0.0,0.9375,1.781,2.719,0.0,0.0,0.0
0.3,3.0,41,-0.01634,0.4792,0.0,2.5,1.0,0.6646,1.94,2.605,0.0,0.0,0.0
0.3,3.0,43,-0.04843,0.545,0.0,0.0,1.0,0.4634,2.295,2.758,0.0,0.0,0.0
0.3,4.0,20,0.337,0.3486,0.7236,0.009445,0.0989,1.018,1.384,2.4,0.0,0.0,0.0
0.3,4.0,21,0.5957,0.002253,0.2847,0.1462,1.0,1.211,1.133,2.344,0.0,0.0,0.0
0.3,4.0,30,-0.306,0.607,0.4387,0.05212,0.05817,0.759,1.765,2.523,0.0,0.0,0.0
0.3,4.0,31,0.256,0.2452,0.2288,1.406,1.0,0.7695,1.687,2.455,0.0,0.0,0.0
0.3,4.0,40,-0.2563,0.6274,0.0,0.0,0.0,0.738,1.893,2.63,0.0,0.0,0.0
0.3,4.0,41,-0.336,0.4446,0.00688,2.438,1.0,0.382,2.14,2.523,0.0,0.0,0.0
0.3,4.0,43,-1.911,0.4458,0.163,1.1875,1.0,0.07806,2.307,2.385,0.0,0.0,0.0
0.3,5.0,20,0.1444,0.04422,0.6006,0.1672,0.7725,1.417,0.6274,2.045,0.8457,0.992,0.8496
0.3,5.0,21,0.667,0.0004609,0.0872,0.04987,1.0,1.6875,0.5923,2.28,0.8457,0.9927,0.85
0.3,5.0,30,0.1519,0.1625,0.265,0.9087,0.96,1.46,0.69,2.15,0.844,0.9907,0.8486
0.3,5.0,31,0.57,0.2366,0.07874,1.567,1.0,1.631,0.669,2.3,0.8438,0.99,0.848
0.3,5.0,40,-0.6157,0.307,0.01672,2.08,1.0,1.021,1.226,2.248,0.844,0.9907,0.8486
0.3,5.0,41,-1.032,0.366,0.01692,2.941,1.0,0.8145,1.502,2.316,0.8438,0.99,0.848
0.3,5.0,43,-2.992,0.3447,0.0495,1.188,1.0,0.03017,2.283,2.314,0.8457,0.992,0.8496
0.3,6.0,20,0.1709,0.03082,0.6475,0.1982,0.813,1.53,0.5405,2.07,0.925,0.9917,0.9326
0.3,6.0,21,0.7046,0.0002141,0.0677,0.03973,1.0,1.786,0.508,2.295,0.925,0.9917,0.9326
0.3,6.0,30,0.24,0.0336,0.283,0.9614,0.977,1.594,0.5786,2.172,0.925,0.9917,0.9326
0.3,6.0,31,0.6455,0.005222,0.05817,1.555,1.0,1.75,0.5576,2.307,0.925,0.9917,0.9326
0.3,6.0,40,-0.3206,0.2659,0.01807,2.121,1.0,1.268,0.9863,2.254,0.925,0.9917,0.9326
0.3,6.0,41,-0.633,0.3574,0.01799,2.996,1.0,1.11,1.209,2.318,0.925,0.9917,0.9326
0.3,6.0,43,-3.168,0.3513,0.03583,1.158,1.0,0.0289,2.295,2.324,0.925,0.9917,0.9326
0.3,7.0,20,0.1886,0.03027,0.66,0.2095,0.832,1.6045,0.4849,2.09,0.955,0.9946,0.9604
0.3,7.0,21,0.734,0.0001225,0.04935,0.02913,1.0,1.8545,0.4514,2.307,0.955,0.9946,0.9604
0.3,7.0,30,0.2817,0.03058,0.282,0.9746,0.9834,1.674,0.5137,2.188,0.955,0.994,0.9604
0.3,7.0,31,0.6855,0.004044,0.0426,1.548,1.0,1.825,0.492,2.316,0.955,0.994,0.9604
0.3,7.0,40,-0.2462,0.25,0.014786,2.11,1.0,1.368,0.8916,2.26,0.955,0.994,0.9604
0.3,7.0,41,-0.5786,0.3489,0.01476,3.02,1.0,1.204,1.122,2.326,0.955,0.994,0.9604
0.3,7.0,43,-3.305,0.345,0.02725,1.223,1.0,0.02307,2.309,2.332,0.955,0.9946,0.9604
0.3,8.0,20,0.2023,0.02966,0.673,0.2146,0.8438,1.657,0.4456,2.104,0.9697,0.996,0.9736
0.3,8.0,21,0.7573,7.623e-5,0.03726,0.02202,1.0,1.907,0.4092,2.316,0.9697,0.996,0.9736
0.3,8.0,30,0.3,0.02962,0.285,0.9746,0.984,1.728,0.4695,2.197,0.9697,0.996,0.9736
0.3,8.0,31,0.716,0.003262,0.03238,1.543,1.0,1.882,0.4436,2.324,0.9697,0.996,0.9736
0.3,8.0,40,-0.2124,0.2399,0.01193,2.1,1.0,1.431,0.835,2.266,0.9697,0.996,0.9736
0.3,8.0,41,-0.571,0.3435,0.011925,3.031,1.0,1.257,1.075,2.332,0.9697,0.996,0.9736
0.3,8.0,43,-3.406,0.3408,0.02113,1.266,1.0,0.01913,2.318,2.338,0.9697,0.996,0.9736
0.3,9.0,20,0.2131,0.02922,0.681,0.2179,0.8525,1.699,0.4148,2.113,0.978,0.997,0.981
0.3,9.0,21,0.7764,5.05e-5,0.02902,0.01714,1.0,1.948,0.3757,2.324,0.978,0.997,0.981
0.3,9.0,30,0.3123,0.029,0.287,0.974,0.9844,1.769,0.4353,2.205,0.978,0.997,0.981
0.3,9.0,31,0.7397,0.002728,0.02538,1.539,1.0,1.926,0.4058,2.332,0.978,0.997,0.981
0.3,9.0,40,-0.1982,0.233,0.0097,2.09,1.0,1.473,0.798,2.271,0.978,0.997,0.981
0.3,9.0,41,-0.5845,0.3396,0.00969,3.037,1.0,1.288,1.05,2.338,0.978,0.997,0.981
0.3,9.0,43,-3.486,0.3376,0.01675,1.296,1.0,0.0163,2.326,2.342,0.978,0.997,0.981
0.4,1.0,20,0.354,0.0,1.373,0.0,0.0,1.582,1.846,3.428,0.0,0.0,0.0
0.4,1.0,21,0.3586,0.0,1.202,0.706,1.0,1.254,1.928,3.182,0.0,0.0,0.0
0.4,1.0,30,0.3489,0.0,0.6733,0.0,0.0,1.613,1.959,3.572,0.0,0.0,0.0
0.4,1.0,31,0.3289,0.0,0.587,1.595,1.0,1.251,2.064,3.316,0.0,0.0,0.0
0.4,1.0,40,0.3489,0.0,0.0,0.0,0.0,1.662,2.043,3.705,0.0,0.0,0.0
0.4,1.0,41,0.2844,0.0,0.0,2.5,1.0,1.289,2.158,3.447,0.0,0.0,0.0
0.4,1.0,43,0.3066,0.0,0.0,0.0,1.0,1.221,2.531,3.752,0.0,0.0,0.0
0.4,2.0,20,0.2296,0.4,1.101,0.0,0.0,1.209,1.612,2.82,0.0,0.0,0.0
0.4,2.0,21,0.4253,0.00953,0.7246,0.39,1.0,1.083,1.611,2.695,0.0,0.0,0.0
0.4,2.0,30,-0.03992,0.4822,0.5557,0.0,0.0,1.165,1.788,2.953,0.0,0.0,0.0
0.4,2.0,31,0.1299,0.3054,0.4001,1.471,1.0,0.9126,1.903,2.816,0.0,0.0,0.0
0.4,2.0,40,-0.03992,0.4822,0.0,0.0,0.0,1.19,1.878,3.068,0.0,0.0,0.0
0.4,2.0,41,0.01685,0.4707,0.0,2.5,1.0,0.8906,2.035,2.926,0.0,0.0,0.0
0.4,2.0,43,0.0218,0.4387,0.0,0.0,1.0,0.7207,2.432,3.152,0.0,0.0,0.0
0.4,3.0,20,0.283,0.3975,0.882,0.005756,0.04755,1.082,1.57,2.652,0.0,0.0,0.0
0.4,3.0,21,0.5454,0.00477,0.418,0.2157,1.0,1.165,1.402,2.568,0.0,0.0,0.0
0.4,3.0,30,-0.2744,0.7104,0.4976,0.005657,0.006805,0.907,1.879,2.785,0.0,0.0,0.0
0.4,3.0,31,0.1641,0.268,0.2957,1.408,1.0,0.7646,1.93,2.693,0.0,0.0,0.0
0.4,3.0,40,-0.2695,0.7144,0.0,0.0,0.0,0.908,1.985,2.893,0.0,0.0,0.0
0.4,3.0,41,-0.0881,0.484,0.0,2.5,1.0,0.6265,2.15,2.777,0.0,0.0,0.0
0.4,3.0,43,-0.1296,0.6987,0.0,0.0,1.0,0.415,2.514,2.93,0.0,0.0,0.0
0.4,4.0,20,0.4546,0.256,0.3584,0.03226,0.3071,1.541,0.8784,2.42,0.614,0.9834,0.6187
0.4,4.0,21,0.651,0.0007863,0.1143,0.0623,1.0,1.713,0.742,2.455,0.6143,0.984,0.619
0.4,4.0,30,-2.867,0.552,0.2817,0.8286,0.6333,0.73,1.731,2.46,0.595,0.954,0.6
0.4,4.0,31,0.497,0.2401,0.102,1.576,1.0,1.625,0.8584,2.484,0.6113,0.9795,0.616
0.4,4.0,40,-3.857,0.5034,0.00799,1.555,0.6743,0.4363,2.105,2.541,0.603,0.9663,0.608
0.4,4.0,41,-1.259,0.3818,0.01492,2.861,1.0,0.6826,1.827,2.51,0.61,0.9775,0.6147
0.4,4.0,43,-3.045,0.3496,0.06323,1.112,1.0,0.04184,2.457,2.498,0.614,0.9834,0.6187
0.4,5.0,20,0.1603,0.0501,0.6426,0.1987,0.8267,1.599,0.627,2.225,0.889,0.992,0.896
0.4,5.0,21,0.703,0.00035,0.08,0.04645,1.0,1.876,0.594,2.47,0.889,0.992,0.896
0.4,5.0,30,0.1737,0.1667,0.2744,0.965,0.9795,1.648,0.6875,2.336,0.889,0.992,0.8955
0.4,5.0,31,0.601,0.2267,0.07166,1.5625,1.0,1.822,0.664,2.486,0.889,0.992,0.8955
0.4,5.0,40,-0.6714,0.3035,0.01846,2.12,1.0,1.188,1.238,2.426,0.889,0.992,0.8955
0.4,5.0,41,-1.135,0.3618,0.01819,2.969,1.0,0.9614,1.539,2.5,0.8887,0.992,0.8955
0.4,5.0,43,-3.352,0.3582,0.0401,1.073,1.0,0.03635,2.473,2.508,0.889,0.992,0.896
0.4,6.0,20,0.19,0.0326,0.6885,0.2213,0.857,1.704,0.549,2.252,0.9414,0.993,0.948
0.4,6.0,21,0.7417,0.0001624,0.0586,0.03452,1.0,1.971,0.5156,2.486,0.9414,0.993,0.948
0.4,6.0,30,0.2489,0.03302,0.2964,0.9844,0.9844,1.764,0.59,2.354,0.9414,0.993,0.948
0.4,6.0,31,0.681,0.004547,0.05063,1.552,1.0,1.935,0.5645,2.5,0.9414,0.9927,0.948
0.4,6.0,40,-0.3877,0.2576,0.01668,2.117,1.0,1.412,1.022,2.434,0.9414,0.9927,0.948
0.4,6.0,41,-0.7744,0.353,0.01659,3.01,1.0,1.222,1.287,2.51,0.9414,0.9927,0.948
0.4,6.0,43,-3.543,0.349,0.0314,1.171,1.0,0.02766,2.488,2.516,0.9414,0.993,0.948
0.4,7.0,20,0.2089,0.03183,0.7065,0.2288,0.8716,1.774,0.4966,2.271,0.964,0.995,0.9683
0.4,7.0,21,0.772,9.36e-5,0.04257,0.02515,1.0,2.04,0.4602,2.5,0.964,0.995,0.9683
0.4,7.0,30,0.276,0.0321,0.3037,0.985,0.985,1.835,0.53,2.365,0.964,0.995,0.9683
0.4,7.0,31,0.7236,0.003534,0.037,1.545,1.0,2.01,0.4998,2.51,0.964,0.995,0.9683
0.4,7.0,40,-0.3118,0.244,0.0133,2.105,1.0,1.51,0.932,2.441,0.964,0.995,0.9683
0.4,7.0,41,-0.718,0.3457,0.01325,3.025,1.0,1.3125,1.204,2.518,0.964,0.995,0.9683
0.4,7.0,43,-3.678,0.3433,0.02373,1.231,1.0,0.02223,2.502,2.523,0.964,0.995,0.9683
0.4,8.0,20,0.2236,0.03128,0.7188,0.2334,0.8813,1.828,0.457,2.285,0.975,0.9966,0.9785
0.4,8.0,21,0.7964,5.853e-5,0.0321,0.01897,1.0,2.092,0.418,2.51,0.975,0.9966,0.9785
0.4,8.0,30,0.295,0.0315,0.3086,0.9854,0.9854,1.889,0.4854,2.373,0.975,0.9966,0.9785
0.4,8.0,31,0.7554,0.002863,0.02806,1.54,1.0,2.068,0.451,2.518,0.975,0.9966,0.9785
0.4,8.0,40,-0.268,0.2354,0.0106,2.094,1.0,1.576,0.873,2.45,0.975,0.9966,0.9785
0.4,8.0,41,-0.6924,0.341,0.01057,3.035,1.0,1.372,1.152,2.525,0.975,0.9966,0.9785
0.4,8.0,43,-3.78,0.3394,0.01834,1.272,1.0,0.01852,2.512,2.531,0.975,0.9966,0.9785
0.4,9.0,20,0.2355,0.03088,0.727,0.2366,0.888,1.871,0.4258,2.297,0.982,0.9976,0.9844
0.4,9.0,21,0.816,3.9e-5,0.02501,0.014755,1.0,2.135,0.3838,2.518,0.982,0.9976,0.9844
0.4,9.0,30,0.3088,0.03105,0.312,0.9854,0.986,1.931,0.4507,2.38,0.982,0.9976,0.9844
0.4,9.0,31,0.781,0.002401,0.02197,1.537,1.0,2.113,0.4124,2.525,0.982,0.9976,0.9844
0.4,9.0,40,-0.2438,0.2295,0.00855,2.086,1.0,1.622,0.832,2.455,0.982,0.9976,0.9844
0.4,9.0,41,-0.687,0.338,0.00852,3.04,1.0,1.412,1.119,2.531,0.982,0.9976,0.9844
0.4,9.0,43,-3.86,0.3367,0.01451,1.302,1.0,0.01582,2.52,2.537,0.982,0.9976,0.9844
0.5,1.0,20,0.323,0.05875,1.394,0.0,0.0,1.634,1.979,3.613,0.0,0.0,0.0
0.5,1.0,21,0.346,0.004047,1.202,0.7056,1.0,1.301,2.062,3.365,0.0,0.0,0.0
0.5,1.0,30,0.2742,0.3127,0.6733,0.0,0.0,1.658,2.102,3.76,0.0,0.0,0.0
0.5,1.0,31,0.2727,0.01228,0.573,1.584,1.0,1.285,2.217,3.502,0.0,0.0,0.0
0.5,1.0,40,0.2742,0.3127,0.0,0.0,0.0,1.707,2.186,3.893,0.0,0.0,0.0
0.5,1.0,41,0.2269,0.2979,0.0,2.5,1.0,1.32,2.312,3.633,0.0,0.0,0.0
0.5,1.0,43,0.2527,0.0,0.0,0.0,1.0,1.244,2.71,3.955,0.0,0.0,0.0
0.5,2.0,20,0.2106,0.4294,1.096,0.0,0.0,1.241,1.778,3.02,0.0,0.0,0.0
0.5,2.0,21,0.4417,0.01907,0.6836,0.3657,1.0,1.144,1.746,2.889,0.0,0.0,0.0
0.5,2.0,30,-0.1862,0.585,0.5557,0.0,0.0,1.16,1.997,3.158,0.0,0.0,0.0
0.5,2.0,31,0.0625,0.3306,0.3855,1.461,1.0,0.9053,2.115,3.02,0.0,0.0,0.0
0.5,2.0,40,-0.1862,0.585,0.0,0.0,0.0,1.186,2.088,3.273,0.0,0.0,0.0
0.5,2.0,41,-0.0751,0.585,0.0,2.5,1.0,0.87,2.256,3.125,0.0,0.0,0.0
0.5,2.0,43,-0.0694,0.549,0.0,0.0,1.0,0.6743,2.676,3.35,0.0,0.0,0.0
0.5,3.0,20,0.309,0.3923,0.827,0.009705,0.0833,1.146,1.692,2.84,0.0,0.0,0.0
0.5,3.0,21,0.584,0.004818,0.3542,0.1816,1.0,1.3125,1.451,2.764,0.0,0.0,0.0
0.5,3.0,30,-0.4768,0.8296,0.4922,0.03845,0.04425,0.8525,2.129,2.98,0.0,0.0,0.0
0.5,3.0,31,0.1641,0.2778,0.2627,1.39,1.0,0.7866,2.117,2.904,0.0,0.0,0.0
0.5,3.0,40,-0.4463,0.8286,0.0,0.0,0.0,0.8633,2.229,3.092,0.0,0.0,0.0
0.5,3.0,41,-0.389,0.638,0.00682,2.447,1.0,0.4858,2.48,2.965,0.0,0.0,0.0
0.5,3.0,43,-2.035,0.4983,0.1859,1.016,1.0,0.1107,2.715,2.826,0.0,0.0,0.0
0.5,4.0,20,0.4885,0.2455,0.3843,0.0422,0.339,1.7705,0.864,2.633,0.7744,0.9883,0.783
0.5,4.0,21,0.69,0.0006003,0.1056,0.0595,1.0,1.942,0.7285,2.67,0.7744,0.9883,0.783
0.5,4.0,30,-3.203,0.449,0.2695,0.8867,0.6846,0.895,1.766,2.66,0.7715,0.9844,0.7803
0.5,4.0,31,0.547,0.2325,0.09393,1.572,1.0,1.869,0.822,2.691,0.7744,0.988,0.783
0.5,4.0,40,-5.133,0.3867,0.01041,1.495,0.6113,0.4153,2.326,2.742,0.7744,0.988,0.783
0.5,4.0,41,-1.333,0.3745,0.01782,2.908,1.0,0.908,1.804,2.713,0.7744,0.988,0.7827
0.5,4.0,43,-3.484,0.3687,0.0481,0.9346,1.0,0.04898,2.672,2.72,0.7744,0.9883,0.783
0.5,5.0,20,0.183,0.05542,0.7075,0.2292,0.876,1.8,0.637,2.438,0.915,0.9907,0.924
0.5,5.0,21,0.7437,0.000276,0.07306,0.0428,1.0,2.088,0.603,2.691,0.915,0.9907,0.924
0.5,5.0,30,0.1888,0.1708,0.3071,0.9917,0.9844,1.842,0.6987,2.541,0.915,0.99,0.924
0.5,5.0,31,0.651,0.227,0.0632,1.557,1.0,2.037,0.67,2.707,0.915,0.99,0.924
0.5,5.0,40,-0.6177,0.2998,0.01892,2.125,1.0,1.416,1.218,2.635,0.915,0.99,0.924
0.5,5.0,41,-1.074,0.3599,0.01872,2.988,1.0,1.192,1.526,2.719,0.915,0.99,0.924
0.5,5.0,43,-3.783,0.3555,0.03732,1.092,1.0,0.03452,2.693,2.729,0.915,0.9907,0.924
0.5,6.0,20,0.2101,0.03406,0.7363,0.2412,0.8945,1.899,0.5635,2.463,0.9536,0.994,0.9595
0.5,6.0,21,0.784,0.0001229,0.05063,0.02988,1.0,2.182,0.5264,2.707,0.9536,0.994,0.9595
0.5,6.0,30,0.2346,0.03482,0.321,0.995,0.9854,1.944,0.612,2.557,0.9536,0.994,0.9595
0.5,6.0,31,0.718,0.00399,0.04404,1.548,1.0,2.145,0.576,2.72,0.9536,0.994,0.9595
0.5,6.0,40,-0.4702,0.2505,0.01519,2.111,1.0,1.573,1.07,2.643,0.9536,0.994,0.9595
0.5,6.0,41,-0.9453,0.3494,0.01508,3.018,1.0,1.343,1.386,2.729,0.9536,0.994,0.9595
0.5,6.0,43,-3.969,0.3472,0.02748,1.183,1.0,0.02655,2.71,2.736,0.9536,0.994,0.9595
0.5,7.0,20,0.2228,0.03394,0.7627,0.2517,0.9,1.965,0.5127,2.477,0.97,0.996,0.9746
0.5,7.0,21,0.8154,7.135e-5,0.0367,0.02168,1.0,2.25,0.4707,2.72,0.97,0.996,0.9746
0.5,7.0,30,0.263,0.0341,0.3286,0.996,0.9863,2.016,0.552,2.568,0.97,0.996,0.9746
0.5,7.0,31,0.7627,0.003138,0.03214,1.542,1.0,2.22,0.5107,2.73,0.97,0.996,0.9746
0.5,7.0,40,-0.3936,0.2389,0.011894,2.1,1.0,1.668,0.9834,2.652,0.97,0.996,0.9746
0.5,7.0,41,-0.8887,0.3433,0.01182,3.031,1.0,1.432,1.307,2.738,0.97,0.996,0.9746
0.5,7.0,43,-4.1,0.3418,0.02065,1.24,1.0,0.02145,2.725,2.746,0.97,0.996,0.9746
0.5,8.0,20,0.2328,0.03394,0.7817,0.2593,0.904,2.016,0.4736,2.488,0.9795,0.997,0.9824
0.5,8.0,21,0.8403,4.49e-5,0.02768,0.01634,1.0,2.305,0.4277,2.732,0.9795,0.997,0.9824
0.5,8.0,30,0.283,0.03363,0.3342,0.997,0.987,2.07,0.507,2.578,0.9795,0.997,0.9824
0.5,8.0,31,0.7964,0.00257,0.02437,1.538,1.0,2.28,0.4612,2.74,0.9795,0.997,0.9824
0.5,8.0,40,-0.3472,0.2314,0.009384,2.09,1.0,1.734,0.9243,2.66,0.9795,0.997,0.9824
0.5,8.0,41,-0.8584,0.339,0.00933,3.037,1.0,1.492,1.254,2.746,0.9795,0.997,0.9824
0.5,8.0,43,-4.207,0.3381,0.01591,1.279,1.0,0.01794,2.734,2.752,0.9795,0.997,0.9824
0.5,9.0,20,0.2408,0.03397,0.7964,0.2654,0.9067,2.055,0.4424,2.498,0.985,0.998,0.987
0.5,9.0,21,0.861,3.004e-5,0.02156,0.01271,1.0,2.348,0.3928,2.74,0.985,0.998,0.987
0.5,9.0,30,0.298,0.03336,0.3386,0.998,0.9873,2.113,0.471,2.586,0.985,0.998,0.987
0.5,9.0,31,0.8228,0.002169,0.01907,1.536,1.0,2.326,0.4219,2.748,0.985,0.998,0.987
0.5,9.0,40,-0.3162,0.2266,0.007534,2.082,1.0,1.784,0.881,2.666,0.985,0.998,0.987
0.5,9.0,41,-0.8403,0.3364,0.007484,3.041,1.0,1.537,1.215,2.752,0.985,0.998,0.987
0.5,9.0,43,-4.285,0.3357,0.01257,1.307,1.0,0.01538,2.742,2.758,0.985,0.998,0.987
0.6,1.0,20,0.2786,0.05344,1.413,0.0,0.0,1.69,2.14,3.832,0.0,0.0,0.0
0.6,1.0,21,0.328,0.02826,1.199,0.704,1.0,1.353,2.227,3.58,0.0,0.0,0.0
0.6,1.0,30,0.1719,0.2964,0.6733,0.0,0.0,1.704,2.28,3.982,0.0,0.0,0.0
0.6,1.0,31,0.1978,0.2715,0.558,1.574,1.0,1.318,2.402,3.72,0.0,0.0,0.0
0.6,1.0,40,0.1719,0.2964,0.0,0.0,0.0,1.753,2.361,4.113,0.0,0.0,0.0
0.6,1.0,41,0.1494,0.2847,0.0,2.5,1.0,1.35,2.502,3.852,0.0,0.0,0.0
0.6,1.0,43,0.1826,0.252,0.0,0.0,1.0,1.261,2.93,4.19,0.0,0.0,0.0
0.6,2.0,20,0.1958,0.423,1.076,0.0,0.0,1.272,1.972,3.244,0.0,0.0,0.0
0.6,2.0,21,0.467,0.03555,0.628,0.3328,1.0,1.225,1.887,3.111,0.0,0.0,0.0
0.6,2.0,30,-0.374,0.658,0.5557,0.0,0.0,1.135,2.254,3.389,0.0,0.0,0.0
0.6,2.0,31,-0.005135,0.49,0.369,1.451,1.0,0.8896,2.363,3.254,0.0,0.0,0.0
0.6,2.0,40,-0.374,0.658,0.0,0.0,0.0,1.161,2.344,3.506,0.0,0.0,0.0
0.6,2.0,41,-0.1827,0.6562,0.0,2.5,1.0,0.833,2.52,3.354,0.0,0.0,0.0
0.6,2.0,43,-0.1764,0.6343,0.0,0.0,1.0,0.6147,2.959,3.574,0.0,0.0,0.0
0.6,3.0,20,0.4285,0.2546,0.4824,0.0337,0.2683,1.681,1.202,2.883,0.00912,0.408,0.010666
0.6,3.0,21,0.6494,0.003378,0.1448,0.0758,1.0,1.879,1.025,2.904,0.00937,0.4194,0.01096
0.6,3.0,30,-3.406,0.6514,0.3557,0.8604,0.4585,0.628,2.354,2.982,0.00778,0.3481,0.0091
0.6,3.0,31,-0.2537,0.5273,0.1643,1.577,1.0,1.334,1.638,2.97,0.00866,0.3875,0.01013
0.6,3.0,40,-2.99,0.741,0.01168,0.987,0.41,0.4846,2.617,3.102,0.00685,0.3066,0.00802
0.6,3.0,41,-2.322,0.7124,0.02414,2.09,1.0,0.358,2.652,3.01,0.00838,0.375,0.0098
0.6,3.0,43,-3.387,0.3572,0.07666,0.987,1.0,0.06143,2.902,2.963,0.009384,0.42,0.01098
0.6,4.0,20,0.5483,0.2399,0.3794,0.0427,0.3586,2.02,0.8623,2.88,0.8496,0.9897,0.8584
0.6,4.0,21,0.734,0.0004501,0.0925,0.05316,1.0,2.19,0.731,2.92,0.8496,0.9897,0.8584
0.6,4.0,30,-4.043,0.4343,0.2642,0.8916,0.688,0.9365,1.971,2.906,0.8477,0.9873,0.8564
0.6,4.0,31,0.5454,0.2307,0.0822,1.567,1.0,2.098,0.8433,2.94,0.849,0.9893,0.858
0.6,4.0,40,-6.19,0.3813,0.01123,1.591,0.6636,0.4312,2.555,2.986,0.8496,0.9893,0.858
0.6,4.0,41,-1.628,0.368,0.01881,2.945,1.0,1.027,1.93,2.957,0.849,0.9893,0.858
0.6,4.0,43,-3.992,0.3655,0.0434,0.962,1.0,0.04578,2.924,2.97,0.8496,0.9897,0.858
0.6,5.0,20,0.1868,0.06067,0.78,0.2593,0.902,2.012,0.6577,2.67,0.9346,0.9917,0.942
0.6,5.0,21,0.79,0.0002085,0.0633,0.03723,1.0,2.328,0.615,2.943,0.9346,0.9917,0.942
0.6,5.0,30,0.1642,0.1711,0.3352,1.004,0.986,2.045,0.7266,2.771,0.9346,0.9917,0.942
0.6,5.0,31,0.684,0.226,0.05496,1.554,1.0,2.273,0.6865,2.959,0.9346,0.9917,0.942
0.6,5.0,40,-0.7104,0.294,0.01764,2.121,1.0,1.603,1.27,2.873,0.9346,0.9917,0.942
0.6,5.0,41,-1.267,0.3552,0.01746,3.004,1.0,1.335,1.635,2.969,0.9346,0.9917,0.942
0.6,5.0,43,-4.273,0.353,0.03293,1.109,1.0,0.03296,2.947,2.98,0.9346,0.9917,0.942
0.6,6.0,20,0.2048,0.03787,0.819,0.2761,0.9097,2.104,0.587,2.69,0.9624,0.9946,0.968
0.6,6.0,21,0.832,9.286e-5,0.0437,0.0258,1.0,2.424,0.539,2.963,0.9624,0.9946,0.968
0.6,6.0,30,0.2118,0.037,0.3486,1.008,0.987,2.148,0.64,2.79,0.9624,0.9946,0.968
0.6,6.0,31,0.755,0.003477,0.03824,1.546,1.0,2.38,0.5923,2.975,0.9624,0.9946,0.968
0.6,6.0,40,-0.57,0.2444,0.0137,2.107,1.0,1.752,1.131,2.883,0.9624,0.9946,0.968
0.6,6.0,41,-1.149,0.3462,0.01358,3.025,1.0,1.477,1.506,2.982,0.9624,0.9946,0.968
0.6,6.0,43,-4.457,0.3452,0.02402,1.194,1.0,0.02554,2.965,2.99,0.9624,0.9946,0.968
0.6,7.0,20,0.2181,0.03784,0.844,0.287,0.9146,2.17,0.5356,2.705,0.9756,0.9966,0.979
0.6,7.0,21,0.8643,5.43e-5,0.03165,0.01869,1.0,2.494,0.4827,2.977,0.9756,0.9966,0.979
0.6,7.0,30,0.242,0.03644,0.357,1.01,0.988,2.22,0.579,2.8,0.9756,0.9966,0.979
0.6,7.0,31,0.8027,0.002785,0.02791,1.54,1.0,2.46,0.5254,2.986,0.9756,0.9966,0.979
0.6,7.0,40,-0.4922,0.2345,0.01058,2.094,1.0,1.848,1.046,2.893,0.9756,0.9966,0.979
0.6,7.0,41,-1.091,0.3408,0.01048,3.035,1.0,1.564,1.428,2.992,0.9756,0.9966,0.979
0.6,7.0,43,-4.594,0.3403,0.01794,1.248,1.0,0.02074,2.979,3.0,0.9756,0.9966,0.979
0.6,8.0,20,0.2284,0.03793,0.8633,0.2952,0.9185,2.22,0.4958,2.717,0.983,0.9976,0.9854
0.6,8.0,21,0.89,3.44e-5,0.02388,0.014084,1.0,2.549,0.4385,2.986,0.983,0.9976,0.9854
0.6,8.0,30,0.2632,0.0361,0.363,1.011,0.9883,2.277,0.533,2.81,0.983,0.9976,0.9854
0.6,8.0,31,0.8384,0.002314,0.02118,1.537,1.0,2.52,0.4749,2.994,0.983,0.9976,0.9854
0.6,8.0,40,-0.4436,0.2281,0.00829,2.086,1.0,1.915,0.9863,2.9,0.983,0.9976,0.9854
0.6,8.0,41,-1.057,0.3374,0.00822,3.041,1.0,1.627,1.374,3.0,0.983,0.9976,0.9854
0.6,8.0,43,-4.695,0.3372,0.01381,1.285,1.0,0.01741,2.99,3.008,0.983,0.9976,0.9854
0.6,9.0,20,0.2367,0.03806,0.878,0.3015,0.9214,2.262,0.4639,2.727,0.9873,0.998,0.9893
0.6,9.0,21,0.9116,2.307e-5,0.01862,0.01096,1.0,2.592,0.4026,2.996,0.9873,0.998,0.9893
0.6,9.0,30,0.279,0.03595,0.3677,1.013,0.9883,2.322,0.4968,2.818,0.9873,0.998,0.9893
0.6,9.0,31,0.866,0.001976,0.0166,1.534,1.0,2.568,0.4343,3.002,0.9873,0.998,0.9893
0.6,9.0,40,-0.411,0.2239,0.006634,2.078,1.0,1.965,0.942,2.906,0.9873,0.998,0.9893
0.6,9.0,41,-1.036,0.335,0.00656,3.043,1.0,1.673,1.334,3.008,0.9873,0.998,0.9893
0.6,9.0,43,-4.777,0.3347,0.0109,1.312,1.0,0.01496,2.998,3.014,0.9873,0.998,0.9893
0.7,1.0,20,0.2173,0.493,1.43,0.0,0.0,1.748,2.342,4.09,0.0,0.0,0.0
0.7,1.0,21,0.3037,0.0442,1.191,0.6987,1.0,1.405,2.426,3.832,0.0,0.0,0.0
0.7,1.0,30,0.03235,0.537,0.6733,0.0,0.0,1.747,2.498,4.246,0.0,0.0,0.0
0.7,1.0,31,0.09863,0.3743,0.543,1.563,1.0,1.347,2.63,3.977,0.0,0.0,0.0
0.7,1.0,40,0.03235,0.537,0.0,0.0,0.0,1.796,2.582,4.38,0.0,0.0,0.0
0.7,1.0,41,0.04584,0.5215,0.0,2.5,1.0,1.375,2.732,4.11,0.0,0.0,0.0
0.7,1.0,43,0.09204,0.2449,0.0,0.0,1.0,1.265,3.193,4.457,0.0,0.0,0.0
0.7,2.0,20,0.1969,0.4543,1.036,0.002008,0.01306,1.3125,2.182,3.494,0.0,0.0,0.0
0.7,2.0,21,0.505,0.03174,0.5537,0.2905,1.0,1.347,2.018,3.363,0.0,0.0,0.0
0.7,2.0,30,-0.606,0.8374,0.5557,0.0,0.0,1.087,2.564,3.652,0.0,0.0,0.0
0.7,2.0,31,-0.05914,0.549,0.347,1.438,1.0,0.8745,2.648,3.523,0.0,0.0,0.0
0.7,2.0,40,-0.606,0.8374,0.0,0.0,0.0,1.112,2.654,3.768,0.0,0.0,0.0
0.7,2.0,41,-0.3008,0.765,0.0,2.5,1.0,0.778,2.836,3.613,0.0,0.0,0.0
0.7,2.0,43,-0.2998,0.8228,0.0,0.0,1.0,0.5415,3.29,3.83,0.0,0.0,0.0
0.7,3.0,20,0.528,0.2505,0.3896,0.032,0.303,2.04,1.1045,3.143,0.4626,0.981,0.468
0.7,3.0,21,0.6997,0.000887,0.1244,0.0667,1.0,2.215,0.965,3.18,0.463,0.981,0.4683
0.7,3.0,30,-4.906,0.421,0.3179,0.8306,0.573,0.7207,2.467,3.188,0.4573,0.9697,0.4626
0.7,3.0,31,0.0415,0.2382,0.11176,1.579,1.0,1.9,1.318,3.219,0.4612,0.9775,0.4666
0.7,3.0,40,-6.066,0.3894,0.007164,1.272,0.49,0.432,2.86,3.291,0.4604,0.976,0.4658
0.7,3.0,41,-3.611,0.3926,0.01224,2.764,1.0,0.1506,3.105,3.258,0.4602,0.9756,0.4656
0.7,3.0,43,-4.043,0.3809,0.04938,0.7295,1.0,0.0685,3.186,3.254,0.4626,0.981,0.468
0.7,4.0,20,0.618,0.2358,0.3774,0.0431,0.3726,2.297,0.872,3.168,0.892,0.9907,0.9004
0.7,4.0,21,0.7837,0.0003374,0.0808,0.047,1.0,2.467,0.742,3.209,0.892,0.9907,0.9004
0.7,4.0,30,-5.13,0.4287,0.2627,0.8647,0.653,0.957,2.236,3.193,0.8916,0.99,0.8994
0.7,4.0,31,0.5425,0.2291,0.0717,1.5625,1.0,2.352,0.877,3.229,0.892,0.9907,0.9
0.7,4.0,40,-7.344,0.3777,0.01159,1.672,0.703,0.448,2.822,3.27,0.892,0.9907,0.9
0.7,4.0,41,-1.926,0.3623,0.01875,2.973,1.0,1.165,2.078,3.242,0.892,0.9907,0.9
0.7,4.0,43,-4.56,0.362,0.039,0.989,1.0,0.0432,3.215,3.258,0.892,0.9907,0.9004
0.7,5.0,20,0.1746,0.0681,0.869,0.2986,0.918,2.244,0.6875,2.93,0.948,0.993,0.955
0.7,5.0,21,0.843,0.0001571,0.05475,0.0323,1.0,2.604,0.6304,3.234,0.948,0.993,0.955
0.7,5.0,30,0.1273,0.1719,0.3662,1.019,0.988,2.275,0.7637,3.04,0.948,0.993,0.955
0.7,5.0,31,0.715,0.225,0.04776,1.55,1.0,2.54,0.7095,3.25,0.948,0.993,0.955
0.7,5.0,40,-0.8276,0.289,0.01617,2.117,1.0,1.809,1.338,3.146,0.948,0.993,0.955
0.7,5.0,41,-1.503,0.3513,0.01599,3.016,1.0,1.487,1.7705,3.258,0.948,0.993,0.955
0.7,5.0,43,-4.832,0.3506,0.02899,1.126,1.0,0.03156,3.238,3.27,0.948,0.993,0.955
0.7,6.0,20,0.1936,0.06976,0.9062,0.316,0.925,2.336,0.6157,2.951,0.9697,0.9956,0.974
0.7,6.0,21,0.886,8.34e-5,0.03772,0.02228,1.0,2.701,0.553,3.254,0.9697,0.9956,0.974
0.7,6.0,30,0.178,0.1703,0.3796,1.022,0.989,2.379,0.676,3.057,0.9697,0.9956,0.9736
0.7,6.0,31,0.791,0.2241,0.03317,1.543,1.0,2.652,0.6133,3.266,0.9697,0.9956,0.9736
0.7,6.0,40,-0.6885,0.28,0.01227,2.102,1.0,1.955,1.204,3.16,0.9697,0.9956,0.9736
0.7,6.0,41,-1.388,0.3435,0.01213,3.031,1.0,1.626,1.646,3.271,0.9697,0.9956,0.9736
0.7,6.0,43,-5.02,0.3435,0.02097,1.206,1.0,0.02461,3.258,3.281,0.9697,0.9956,0.974
0.7,7.0,20,0.2075,0.04236,0.931,0.3274,0.9297,2.402,0.5635,2.967,0.98,0.997,0.983
0.7,7.0,21,0.92,4.13e-5,0.02731,0.01611,1.0,2.771,0.4956,3.268,0.98,0.997,0.983
0.7,7.0,30,0.2102,0.03915,0.3887,1.025,0.9893,2.455,0.614,3.068,0.98,0.997,0.983
0.7,7.0,31,0.8423,0.002403,0.02423,1.538,1.0,2.732,0.545,3.277,0.98,0.997,0.983
0.7,7.0,40,-0.609,0.2307,0.00937,2.09,1.0,2.05,1.119,3.17,0.98,0.997,0.983
0.7,7.0,41,-1.326,0.3389,0.00926,3.04,1.0,1.715,1.568,3.283,0.98,0.997,0.983
0.7,7.0,43,-5.156,0.3389,0.01561,1.256,1.0,0.02008,3.271,3.291,0.98,0.997,0.983
0.7,8.0,20,0.1932,0.0694,0.9185,0.3225,0.928,2.44,0.5366,2.977,0.9854,0.9976,0.988
0.7,8.0,21,0.947,3.207e-5,0.02061,0.012146,1.0,2.828,0.4502,3.28,0.9854,0.9976,0.988
0.7,8.0,30,0.1328,0.168,0.3723,1.016,0.989,2.467,0.612,3.078,0.9854,0.9976,0.988
0.7,8.0,31,0.7715,0.2245,0.01859,1.536,1.0,2.746,0.5415,3.287,0.9854,0.9976,0.988
0.7,8.0,40,-0.8633,0.2717,0.007347,2.08,1.0,1.981,1.196,3.178,0.9854,0.9976,0.988
0.7,8.0,41,-1.843,0.336,0.00721,3.043,1.0,1.528,1.764,3.291,0.9854,0.9976,0.988
0.7,8.0,43,-5.26,0.3357,0.01199,1.293,1.0,0.01675,3.283,3.299,0.9854,0.9976,0.988
0.7,9.0,20,0.2001,0.0701,0.9326,0.3289,0.9307,2.48,0.5044,2.986,0.9893,0.9985,0.9907
0.7,9.0,21,0.9688,2.16e-5,0.01607,0.00946,1.0,2.875,0.4133,3.287,0.9893,0.9985,0.9907
0.7,9.0,30,0.1466,0.1675,0.377,1.017,0.989,2.512,0.5757,3.086,0.9893,0.9985,0.9907
0.7,9.0,31,0.799,0.224,0.01461,1.533,1.0,2.795,0.5005,3.295,0.9893,0.9985,0.9907
0.7,9.0,40,-0.838,0.2693,0.005863,2.074,1.0,2.03,1.155,3.186,0.9893,0.9985,0.9907
0.7,9.0,41,-1.843,0.334,0.00574,3.045,1.0,1.566,1.732,3.299,0.9893,0.9985,0.9907
0.7,9.0,43,-5.344,0.3337,0.00946,1.317,1.0,0.01447,3.291,3.305,0.9893,0.9985,0.9907
0.8,1.0,20,0.1383,0.505,1.435,0.0,0.0,1.802,2.586,4.387,0.0,0.0,0.0
0.8,1.0,21,0.2737,0.1311,1.177,0.6885,1.0,1.458,2.668,4.125,0.0,0.0,0.0
0.8,1.0,30,-0.1556,0.6094,0.6733,0.0,0.0,1.779,2.771,4.55,0.0,0.0,0.0
0.8,1.0,31,-0.02995,0.514,0.5273,1.553,1.0,1.363,2.912,4.277,0.0,0.0,0.0
0.8,1.0,40,-0.1556,0.6094,0.0,0.0,0.0,1.828,2.854,4.684,0.0,0.0,0.0
0.8,1.0,41,-0.0905,0.58,0.0,2.5,1.0,1.389,3.018,4.406,0.0,0.0,0.0
0.8,1.0,43,-0.02362,0.463,0.0,0.0,1.0,1.25,3.514,4.766,0.0,0.0,0.0
0.8,2.0,20,0.2278,0.427,0.962,0.00971,0.0615,1.389,2.383,3.771,0.0,0.0,0.0
0.8,2.0,21,0.557,0.02513,0.4617,0.2395,1.0,1.538,2.113,3.652,0.0,0.0,0.0
0.8,2.0,30,-0.9023,0.9385,0.551,0.03125,0.0363,1.004,2.941,3.945,0.0,0.0,0.0
0.8,2.0,31,-0.0809,0.5723,0.3135,1.419,1.0,0.8784,2.955,3.834,0.0,0.0,0.0
0.8,2.0,40,-0.88,0.9478,0.0,0.0,0.0,1.041,3.023,4.066,0.0,0.0,0.0
0.8,2.0,41,-0.4202,0.7983,0.0,2.5,1.0,0.706,3.203,3.91,0.0,0.0,0.0
0.8,2.0,43,-0.4402,0.946,0.0,0.0,1.0,0.4548,3.67,4.125,0.0,0.0,0.0
0.8,3.0,20,0.5713,0.2401,0.4194,0.04214,0.3464,2.373,1.094,3.467,0.718,0.984,0.729
0.8,3.0,21,0.7524,0.000674,0.1162,0.0649,1.0,2.55,0.953,3.506,0.718,0.984,0.729
0.8,3.0,30,-5.574,0.4365,0.3008,0.858,0.6265,0.9395,2.56,3.5,0.717,0.983,0.728
0.8,3.0,31,0.4143,0.2316,0.1016,1.573,1.0,2.393,1.141,3.533,0.7173,0.9834,0.729
0.8,3.0,40,-7.55,0.387,0.011734,1.493,0.631,0.4722,3.12,3.592,0.7173,0.9834,0.729
0.8,3.0,41,-2.295,0.3792,0.01787,2.883,1.0,1.051,2.508,3.557,0.7173,0.9834,0.7285
0.8,3.0,43,-4.74,0.3767,0.04813,0.7695,1.0,0.06256,3.514,3.576,0.718,0.984,0.729
0.8,4.0,20,0.6997,0.233,0.3772,0.04376,0.3835,2.611,0.889,3.5,0.919,0.9917,0.9263
0.8,4.0,21,0.841,0.0002525,0.07043,0.04126,1.0,2.781,0.7593,3.541,0.919,0.9917,0.9263
0.8,4.0,30,-6.2,0.4229,0.2583,0.8735,0.6626,1.008,2.514,3.521,0.9185,0.9917,0.9263
0.8,4.0,31,0.5283,0.2278,0.0624,1.559,1.0,2.637,0.925,3.56,0.919,0.9917,0.9263
0.8,4.0,40,-8.63,0.374,0.0116,1.744,0.7354,0.4663,3.13,3.598,0.919,0.9917,0.9263
0.8,4.0,41,-2.281,0.3577,0.01804,2.992,1.0,1.307,2.266,3.572,0.919,0.9917,0.9263
0.8,4.0,43,-5.203,0.3586,0.0349,1.015,1.0,0.04108,3.547,3.588,0.919,0.9917,0.9263
0.8,5.0,20,0.1532,0.07635,0.9624,0.3433,0.934,2.508,0.724,3.23,0.9585,0.994,0.9644
0.8,5.0,21,0.903,0.0001184,0.0473,0.02794,1.0,2.922,0.6475,3.568,0.9585,0.994,0.9644
0.8,5.0,30,0.0756,0.173,0.4004,1.035,0.9893,2.535,0.8105,3.346,0.9585,0.994,0.9644
0.8,5.0,31,0.742,0.2244,0.0414,1.547,1.0,2.844,0.7397,3.582,0.9585,0.994,0.9644
0.8,5.0,40,-0.969,0.2847,0.014656,2.111,1.0,2.04,1.424,3.463,0.9585,0.994,0.9644
0.8,5.0,41,-1.783,0.348,0.01447,3.023,1.0,1.657,1.935,3.592,0.9585,0.994,0.9644
0.8,5.0,43,-5.477,0.3481,0.02545,1.142,1.0,0.03027,3.574,3.604,0.9585,0.994,0.9644
0.8,6.0,20,0.1448,0.0755,0.9673,0.3472,0.936,2.582,0.667,3.25,0.975,0.996,0.9785
0.8,6.0,21,0.948,6.527e-5,0.03253,0.01923,1.0,3.02,0.569,3.588,0.975,0.996,0.9785
0.8,6.0,30,0.0162,0.171,0.392,1.028,0.9893,2.59,0.7725,3.361,0.975,0.996,0.9785
0.8,6.0,31,0.6914,0.2253,0.0289,1.541,1.0,2.898,0.7007,3.6,0.975,0.996,0.9785
0.8,6.0,40,-1.134,0.2773,0.01094,2.096,1.0,2.049,1.429,3.477,0.975,0.996,0.9785
0.8,6.0,41,-2.191,0.341,0.01077,3.035,1.0,1.557,2.049,3.605,0.975,0.996,0.9785
0.8,6.0,43,-5.664,0.3413,0.01831,1.219,1.0,0.02348,3.592,3.617,0.975,0.996,0.9785
0.8,7.0,20,0.1559,0.0766,0.9897,0.3584,0.94,2.65,0.6147,3.266,0.983,0.9976,0.986
0.8,7.0,21,0.983,3.856e-5,0.02357,0.0139,1.0,3.094,0.5093,3.604,0.983,0.9976,0.986
0.8,7.0,30,0.0436,0.1702,0.4004,1.03,0.9897,2.664,0.7114,3.375,0.983,0.9976,0.986
0.8,7.0,31,0.741,0.2245,0.02115,1.537,1.0,2.98,0.632,3.613,0.983,0.9976,0.986
0.8,7.0,40,-1.072,0.273,0.00829,2.086,1.0,2.137,1.352,3.488,0.983,0.9976,0.986
0.8,7.0,41,-2.176,0.3372,0.00815,3.041,1.0,1.626,1.991,3.617,0.983,0.9976,0.986
0.8,7.0,43,-5.805,0.3374,0.01359,1.266,1.0,0.0193,3.607,3.627,0.983,0.9976,0.986
0.8,8.0,20,0.1733,0.078,1.012,0.3694,0.9434,2.709,0.569,3.277,0.988,0.998,0.9897
0.8,8.0,21,1.011,2.46e-5,0.01779,0.01048,1.0,3.152,0.4624,3.613,0.988,0.998,0.9897
0.8,8.0,30,0.0973,0.1696,0.4065,1.032,0.99,2.738,0.6484,3.387,0.988,0.998,0.9897
0.8,8.0,31,0.816,0.224,0.01607,1.534,1.0,3.06,0.5615,3.623,0.988,0.998,0.9897
0.8,8.0,40,-0.9556,0.27,0.00644,2.078,1.0,2.236,1.261,3.496,0.988,0.998,0.9897
0.8,8.0,41,-2.035,0.3345,0.00632,3.043,1.0,1.738,1.888,3.627,0.988,0.998,0.9897
0.8,8.0,43,-5.91,0.3347,0.010414,1.298,1.0,0.01634,3.617,3.635,0.988,0.998,0.9897
0.8,9.0,20,0.1827,0.07794,1.017,0.3716,0.9443,2.752,0.534,3.287,0.9907,0.9985,0.992
0.8,9.0,21,1.033,1.66e-5,0.01389,0.00817,1.0,3.2,0.4243,3.623,0.9907,0.9985,0.992
0.8,9.0,30,0.1162,0.1688,0.4045,1.03,0.99,2.785,0.609,3.395,0.9907,0.9985,0.992
0.8,9.0,31,0.845,0.2235,0.012634,1.532,1.0,3.111,0.519,3.63,0.9907,0.9985,0.992
0.8,9.0,40,-0.9287,0.268,0.00513,2.072,1.0,2.285,1.218,3.502,0.9907,0.9985,0.992
0.8,9.0,41,-2.031,0.3328,0.00502,3.045,1.0,1.778,1.855,3.633,0.9907,0.9985,0.992
0.8,9.0,43,-5.996,0.333,0.00821,1.321,1.0,0.014145,3.627,3.64,0.9907,0.9985,0.992
0.9,1.0,20,0.04047,0.556,1.435,0.0,0.0,1.848,2.885,4.734,0.0,0.0,0.0
0.9,1.0,21,0.2415,0.1465,1.15,0.6694,1.0,1.508,2.955,4.465,0.0,0.0,0.0
0.9,1.0,30,-0.4048,0.705,0.6733,0.0,0.0,1.793,3.11,4.902,0.0,0.0,0.0
0.9,1.0,31,-0.1917,0.636,0.512,1.542,1.0,1.363,3.26,4.62,0.0,0.0,0.0
0.9,1.0,40,-0.4048,0.705,0.0,0.0,0.0,1.842,3.193,5.035,0.0,0.0,0.0
0.9,1.0,41,-0.2666,0.765,0.0,2.5,1.0,1.382,3.37,4.75,0.0,0.0,0.0
0.9,1.0,43,-0.169,0.6606,0.0,0.0,1.0,1.211,3.9,5.113,0.0,0.0,0.0
0.9,2.0,20,0.3108,0.3723,0.8545,0.01587,0.11896,1.566,2.518,4.082,0.0,0.0,0.0
0.9,2.0,21,0.623,0.01607,0.357,0.1831,1.0,1.845,2.137,3.982,0.0,0.0,0.0
0.9,2.0,30,-1.261,0.8984,0.536,0.09894,0.1166,0.8965,3.383,4.277,0.0,0.0,0.0
0.9,2.0,31,-0.05713,0.5366,0.2607,1.389,1.0,0.9424,3.252,4.195,0.0,0.0,0.0
0.9,2.0,40,-1.192,0.931,0.0,0.0,0.0,0.948,3.457,4.406,0.0,0.0,0.0
0.9,2.0,41,-1.046,0.788,0.01042,2.418,1.0,0.432,3.805,4.24,0.0,0.0,0.0
0.9,2.0,43,-3.15,0.518,0.183,0.823,1.0,0.1302,3.943,4.074,0.0,0.0,0.0
0.9,3.0,20,0.6514,0.236,0.4185,0.0453,0.3704,2.74,1.102,3.842,0.8203,0.986,0.8315
0.9,3.0,21,0.8125,0.0004983,0.1019,0.05823,1.0,2.918,0.9644,3.883,0.8203,0.986,0.8315
0.9,3.0,30,-6.75,0.4255,0.2878,0.8784,0.6606,1.018,2.854,3.873,0.82,0.9854,0.831
0.9,3.0,31,0.4194,0.2299,0.08875,1.568,1.0,2.734,1.174,3.908,0.82,0.986,0.8315
0.9,3.0,40,-9.09,0.3823,0.013016,1.62,0.6953,0.4966,3.465,3.96,0.8203,0.986,0.8315
0.9,3.0,41,-2.746,0.3718,0.01949,2.928,1.0,1.217,2.713,3.928,0.8203,0.986,0.8315
0.9,3.0,43,-5.492,0.3726,0.04413,0.8096,1.0,0.05835,3.893,3.951,0.8203,0.986,0.8315
0.9,4.0,20,0.7974,0.2299,0.3855,0.04355,0.392,2.97,0.911,3.883,0.9355,0.991,0.9443
0.9,4.0,21,0.9062,0.0001973,0.0633,0.03726,1.0,3.143,0.781,3.924,0.9355,0.991,0.9443
0.9,4.0,30,-6.938,0.4219,0.2542,0.9146,0.7188,1.152,2.744,3.896,0.9355,0.991,0.944
0.9,4.0,31,0.573,0.2278,0.0549,1.554,1.0,2.986,0.9546,3.941,0.9355,0.991,0.9443
0.9,4.0,40,-10.01,0.3706,0.012344,1.838,0.7764,0.504,3.473,3.977,0.9355,0.991,0.9443
0.9,4.0,41,-2.484,0.3547,0.01762,3.006,1.0,1.554,2.398,3.953,0.9355,0.991,0.9443
0.9,4.0,43,-5.94,0.3555,0.03217,1.038,1.0,0.0392,3.93,3.969,0.9355,0.991,0.9443
0.9,5.0,20,0.0907,0.0816,1.0205,0.374,0.944,2.79,0.783,3.572,0.9663,0.9946,0.971
0.9,5.0,21,0.9707,9.2e-5,0.04086,0.02415,1.0,3.285,0.667,3.951,0.9663,0.9946,0.971
0.9,5.0,30,-0.10785,0.174,0.4172,1.043,0.99,2.777,0.92,3.697,0.9663,0.9946,0.971
0.9,5.0,31,0.632,0.2257,0.03592,1.545,1.0,3.129,0.8384,3.967,0.9663,0.9946,0.971
0.9,5.0,40,-1.435,0.2812,0.01317,2.105,1.0,2.166,1.66,3.826,0.9663,0.9946,0.971
0.9,5.0,41,-2.611,0.3447,0.01299,3.03,1.0,1.621,2.354,3.973,0.9663,0.9946,0.971
0.9,5.0,43,-6.215,0.3455,0.02237,1.159,1.0,0.02881,3.957,3.986,0.9663,0.9946,0.971
0.9,6.0,20,0.1136,0.0808,1.028,0.3787,0.946,2.887,0.706,3.592,0.979,0.9966,0.9824
0.9,6.0,21,1.019,4.95e-5,0.02808,0.01657,1.0,3.387,0.5854,3.973,0.979,0.9966,0.9824
0.9,6.0,30,-0.05124,0.1715,0.4119,1.037,0.99,2.887,0.8267,3.713,0.979,0.9966,0.9824
0.9,6.0,31,0.702,0.2246,0.025,1.539,1.0,3.24,0.743,3.984,0.979,0.9966,0.9824
0.9,6.0,40,-1.315,0.275,0.009674,2.092,1.0,2.303,1.537,3.84,0.979,0.9966,0.9824
0.9,6.0,41,-2.547,0.339,0.00952,3.04,1.0,1.735,2.254,3.988,0.979,0.9966,0.9824
0.9,6.0,43,-6.406,0.3398,0.01595,1.228,1.0,0.02281,3.977,4.0,0.979,0.9966,0.9824
0.9,7.0,20,0.1323,0.07965,1.025,0.3772,0.946,2.957,0.6475,3.605,0.986,0.9976,0.9883
0.9,7.0,21,1.055,2.94e-5,0.02036,0.01199,1.0,3.463,0.524,3.986,0.986,0.9976,0.9883
0.9,7.0,30,-0.01695,0.1699,0.408,1.033,0.99,2.965,0.7607,3.727,0.986,0.9976,0.9883
0.9,7.0,31,0.7495,0.2239,0.0183,1.535,1.0,3.322,0.6743,3.996,0.986,0.9976,0.9883
0.9,7.0,40,-1.256,0.2712,0.00729,2.082,1.0,2.393,1.46,3.852,0.986,0.9976,0.9883
0.9,7.0,41,-2.531,0.3357,0.007156,3.043,1.0,1.805,2.195,4.0,0.986,0.9976,0.9883
0.9,7.0,43,-6.55,0.3362,0.01181,1.271,1.0,0.0188,3.99,4.01,0.986,0.9976,0.9883
0.9,8.0,20,0.1575,0.07886,1.023,0.3762,0.946,3.02,0.595,3.615,0.9897,0.9985,0.991
0.9,8.0,21,1.084,1.884e-5,0.01538,0.00905,1.0,3.523,0.4756,3.998,0.9897,0.9985,0.991
0.9,8.0,30,0.04346,0.169,0.4053,1.031,0.99,3.043,0.6934,3.736,0.9897,0.9985,0.991
0.9,8.0,31,0.825,0.2234,0.01389,1.533,1.0,3.404,0.6025,4.008,0.9897,0.9985,0.991
0.9,8.0,40,-1.139,0.2686,0.00564,2.074,1.0,2.492,1.368,3.861,0.9897,0.9985,0.991
0.9,8.0,41,-2.385,0.3335,0.00553,3.045,1.0,1.92,2.09,4.01,0.9897,0.9985,0.991
0.9,8.0,43,-6.66,0.334,0.00905,1.303,1.0,0.01595,4.004,4.02,0.9897,0.9985,0.991
0.9,9.0,20,0.1686,0.07837,1.022,0.3752,0.946,3.064,0.5586,3.623,0.992,0.9985,0.9937
0.9,9.0,21,1.107,1.276e-5,0.01202,0.00706,1.0,3.57,0.436,4.008,0.992,0.9985,0.9937
0.9,9.0,30,0.0629,0.1683,0.4036,1.029,0.99,3.092,0.6523,3.744,0.992,0.9985,0.9937
0.9,9.0,31,0.8555,0.223,0.010925,1.531,1.0,3.455,0.5586,4.016,0.992,0.9985,0.9937
0.9,9.0,40,-1.111,0.2668,0.004482,2.068,1.0,2.543,1.325,3.867,0.992,0.9985,0.9937
0.9,9.0,41,-2.383,0.332,0.004387,3.047,1.0,1.961,2.057,4.016,0.992,0.9985,0.9937
0.9,9.0,43,-6.75,0.3323,0.00713,1.325,1.0,0.01383,4.01,4.023,0.992,0.9985,0.9937
